{
    "plans": [
        {
            "id": 0,
            "name": "Basic",
            "details": {
                "Time": "60s",
                "Concurrent": "1",
                "VIP": "false",
                "Expires": 30,
                "Bypass Blacklist": "false",
                "Cooldown": "30s",
                "Price": 1
            }
        },
        {
            "id": 1,
            "name": "Gold",
            "details": {
                "Time": "60s",
                "Concurrent": "2",
                "VIP": "true",
                "Expires": 60,
                "Bypass Blacklist": "false",
                "Cooldown": "30s",
                "Price": 2
            }
        },
        {
            "id": 2,
            "name": "Diamond",
            "details": {
                "Time": "120s",
                "Concurrent": "3",
                "VIP": "true",
                "Expires": 30,
                "Bypass Blacklist": "true",
                "Cooldown": "20s",
                "Price": 3
            }
        },
        {
            "id": 3,
            "name": "Platinum",
            "details": {
                "Time": "200s",
                "Concurrent": "5",
                "VIP": "true",
                "Expires": 30,
                "Bypass Blacklist": "true",
                "Cooldown": "20s",
                "Price": 4
            }
        },
        {
            "id": 4,
            "name": "Legend",
            "details": {
                "Time": "300s",
                "Concurrent": "10",
                "VIP": "true",
                "Expires": 30,
                "Bypass Blacklist": "true",
                "Cooldown": "20s",
                "Price": 5
            }
        },
        {
            "id": 5,
            "name": "Master",
            "details": {
                "Time": "500s",
                "Concurrent": "15",
                "VIP": "true",
                "Expires": 30,
                "Bypass Blacklist": "true",
                "Cooldown": "10s",
                "Price": 6
            }
        }
    ]
}